step,stage,reward,normalized_extrapolation_displacement,distance_to_a_plus,distance_to_a_star,sigma_mean,sigma_min,sigma_max,log_sigma_min,log_sigma_max,positive_gradient_norm,negative_gradient_norm,total_gradient_norm,normalized_field_residual,negative_raw_distance_mean,negative_standardized_distance_mean,dynamic_near_occupancy,dynamic_far_occupancy,local_negative_raw_distance,local_negative_standardized_distance,farthest_negative_raw_distance,farthest_negative_standardized_distance
0,initial,0.5705646872520447,0.005203947424888611,0.4599393606185913,0.7939280271530151,0.38058221340179443,0.3502987027168274,0.4102715849876404,-1.048969030380249,-0.8909358978271484,0.23673281073570251,0.2084551602602005,0.29714658856391907,0.6674632018886831,1.339667797088623,3.544480323791504,0.82421875,0.17578125,0.6662205457687378,1.7564442157745361,1.8724215030670166,4.959970474243164
3,sgd,0.5707952976226807,0.005705714225769043,0.4598470628261566,0.793595016002655,0.3805534541606903,0.3502749502658844,0.4102403223514557,-1.0490368604660034,-0.8910121321678162,0.23619794845581055,0.20873281359672546,0.29651039838790894,0.666419190750923,1.339534878730774,3.544393301010132,0.82421875,0.17578125,0.6664078235626221,1.7570581436157227,1.872056245803833,4.959378719329834
