{
  "seed": 50,
  "alpha": 0.4,
  "branch": "learnable_variance",
  "finite_mean_fixed_point": true,
  "analytic_normalized_extrapolation_displacement": 0.22090308716248683,
  "analytic_reward": 0.7676827342740055,
  "analytic_sigma": NaN,
  "finite_variance_fixed_point": false,
  "reward": 0.5707952976226807,
  "normalized_extrapolation_displacement": 0.005705714225769043,
  "distance_to_a_plus": 0.4598470628261566,
  "distance_to_a_star": 0.793595016002655,
  "sigma_mean": 0.3805534541606903,
  "sigma_min": 0.3502749502658844,
  "sigma_max": 0.4102403223514557,
  "log_sigma_min": -1.0490368604660034,
  "log_sigma_max": -0.8910121321678162,
  "positive_gradient_norm": 0.23619794845581055,
  "negative_gradient_norm": 0.20873281359672546,
  "total_gradient_norm": 0.29651039838790894,
  "normalized_field_residual": 0.666419190750923,
  "negative_raw_distance_mean": 1.339534878730774,
  "negative_standardized_distance_mean": 3.544393301010132,
  "dynamic_near_occupancy": 0.82421875,
  "dynamic_far_occupancy": 0.17578125,
  "local_negative_raw_distance": 0.6664078235626221,
  "local_negative_standardized_distance": 1.7570581436157227,
  "farthest_negative_raw_distance": 1.872056245803833,
  "farthest_negative_standardized_distance": 4.959378719329834,
  "stationary_audit_attempted": false,
  "stationary_audit_1_succeeded": false,
  "stationary_audit_2_succeeded": false,
  "stationary_audit_succeeded": false,
  "state_class": "finite_continuing_drift_or_runaway",
  "support_boundary_onset": null,
  "support_event_type": null,
  "stop_reason": "completed",
  "normalized_extrapolation_displacement_window_slope": NaN,
  "log_sigma_window_slope": NaN
}