{
  "seed": 30,
  "method": "near_zero",
  "branch": "fixed_variance",
  "reward": 0.5674322843551636,
  "normalized_extrapolation_displacement": -0.06283276528120041,
  "distance_to_a_plus": 0.40311291813850403,
  "distance_to_a_star": 0.8028033971786499,
  "sigma_mean": 0.1903943419456482,
  "sigma_min": 0.1903943419456482,
  "sigma_max": 0.1903943419456482,
  "log_sigma_min": -1.6586579084396362,
  "log_sigma_max": -1.6586579084396362,
  "task_failure_threshold": 0.25566717088222507,
  "task_failure_onset": null,
  "support_boundary_onset": null,
  "support_event_type": null,
  "stop_reason": "max_steps",
  "finite_parameters": true,
  "steps_completed": 3
}