{
  "bootstrap_replicates": 20000,
  "bootstrap_seed": 20260627,
  "comparisons": {
    "budget-matched global minus far-cap gap reward": {
      "bootstrap_ci95": [
        8.500430732964994e-05,
        0.01788240306079387
      ],
      "losses": 6,
      "mean_difference": 0.009196943044662481,
      "metric": "final_gap_expected_reward",
      "paired_seeds": 20,
      "ties": 0,
      "wilcoxon_p": 0.04405403137207031,
      "wins": 14
    },
    "budget-matched global minus uncontrolled gap reward": {
      "bootstrap_ci95": [
        0.12323763743042948,
        0.13985747830942272
      ],
      "losses": 0,
      "mean_difference": 0.13157710283994678,
      "metric": "final_gap_expected_reward",
      "paired_seeds": 20,
      "ties": 0,
      "wilcoxon_p": 1.9073486328125e-06,
      "wins": 20
    },
    "far-cap minus uncontrolled gap reward": {
      "bootstrap_ci95": [
        0.11554095901548862,
        0.13031588662415744
      ],
      "losses": 0,
      "mean_difference": 0.1223801597952843,
      "metric": "final_gap_expected_reward",
      "paired_seeds": 20,
      "ties": 0,
      "wilcoxon_p": 1.9073486328125e-06,
      "wins": 20
    },
    "near-zero minus uncontrolled gap reward": {
      "bootstrap_ci95": [
        0.06924157144501805,
        0.0756706703454256
      ],
      "losses": 0,
      "mean_difference": 0.07259735465049744,
      "metric": "final_gap_expected_reward",
      "paired_seeds": 20,
      "ties": 0,
      "wilcoxon_p": 1.9073486328125e-06,
      "wins": 20
    },
    "structured-gap local alpha=0.5 minus positive-only correct-group probability": {
      "bootstrap_ci95": [
        0.4068659837543964,
        0.4175015133619308
      ],
      "losses": 0,
      "mean_difference": 0.412240594625473,
      "metric": "final_gap_correct_group_probability",
      "paired_seeds": 20,
      "ties": 0,
      "wilcoxon_p": 1.9073486328125e-06,
      "wins": 20
    },
    "structured-gap local alpha=0.5 minus positive-only gap reward": {
      "bootstrap_ci95": [
        0.18014306128025054,
        0.18749583370983602
      ],
      "losses": 0,
      "mean_difference": 0.18384169936180114,
      "metric": "final_gap_expected_reward",
      "paired_seeds": 20,
      "ties": 0,
      "wilcoxon_p": 1.9073486328125e-06,
      "wins": 20
    },
    "structured-gap local alpha=0.5 minus positive-only overall reward": {
      "bootstrap_ci95": [
        -0.055260303542017934,
        -0.04646085329353809
      ],
      "losses": 20,
      "mean_difference": -0.05098388195037842,
      "metric": "final_expected_reward",
      "paired_seeds": 20,
      "ties": 0,
      "wilcoxon_p": 1.9073486328125e-06,
      "wins": 0
    },
    "structured-gap local alpha=1.5 minus positive-only gap reward": {
      "bootstrap_ci95": [
        -0.5107012574747204,
        -0.49881778336130084
      ],
      "losses": 20,
      "mean_difference": -0.504613957554102,
      "metric": "final_gap_expected_reward",
      "paired_seeds": 20,
      "ties": 0,
      "wilcoxon_p": 1.9073486328125e-06,
      "wins": 0
    },
    "structured-gap local alpha=1.5 minus positive-only trap-group probability": {
      "bootstrap_ci95": [
        0.7095318425248842,
        0.7229471058270428
      ],
      "losses": 0,
      "mean_difference": 0.71689662206918,
      "metric": "final_gap_trap_group_probability",
      "paired_seeds": 20,
      "ties": 0,
      "wilcoxon_p": 1.9073486328125e-06,
      "wins": 20
    },
    "structured-gap positive-only minus covered positive-only correct-group probability": {
      "bootstrap_ci95": [
        -0.4594529541954398,
        -0.44653220752254125
      ],
      "losses": 20,
      "mean_difference": -0.4530656963586807,
      "metric": "final_gap_correct_group_probability",
      "paired_seeds": 20,
      "ties": 0,
      "wilcoxon_p": 1.9073486328125e-06,
      "wins": 0
    },
    "structured-gap positive-only minus covered positive-only gap reward": {
      "bootstrap_ci95": [
        -0.1558610486239195,
        -0.14663811750710012
      ],
      "losses": 20,
      "mean_difference": -0.15115999281406403,
      "metric": "final_gap_expected_reward",
      "paired_seeds": 20,
      "ties": 0,
      "wilcoxon_p": 1.9073486328125e-06,
      "wins": 0
    },
    "uncontrolled far pressure minus local alpha=0.5 gap reward": {
      "bootstrap_ci95": [
        -0.5934163128770888,
        -0.5779929377138614
      ],
      "losses": 20,
      "mean_difference": -0.5858252078294754,
      "metric": "final_gap_expected_reward",
      "paired_seeds": 20,
      "ties": 0,
      "wilcoxon_p": 1.9073486328125e-06,
      "wins": 0
    }
  }
}
