{
  "seed": 30,
  "method": "near_zero",
  "branch": "learnable_variance",
  "reward": 0.5682271122932434,
  "normalized_extrapolation_displacement": -0.06114863231778145,
  "distance_to_a_plus": 0.4028785228729248,
  "distance_to_a_star": 0.8016529083251953,
  "sigma_mean": 0.4175102412700653,
  "sigma_min": 0.380367636680603,
  "sigma_max": 0.44506824016571045,
  "log_sigma_min": -0.9666169881820679,
  "log_sigma_max": -0.8095276355743408,
  "task_failure_threshold": 0.25566717088222507,
  "task_failure_onset": null,
  "support_boundary_onset": null,
  "support_event_type": null,
  "stop_reason": "max_steps",
  "finite_parameters": true,
  "steps_completed": 3
}