step,stage,reward,normalized_extrapolation_displacement,distance_to_a_plus,distance_to_a_star,sigma_mean,sigma_min,sigma_max,log_sigma_min,log_sigma_max,positive_gradient_norm,negative_gradient_norm,total_gradient_norm,normalized_field_residual,negative_raw_distance_mean,negative_standardized_distance_mean,dynamic_near_occupancy,dynamic_far_occupancy,local_negative_raw_distance,local_negative_standardized_distance,farthest_negative_raw_distance,farthest_negative_standardized_distance
0,initial,0.5705646872520447,0.005203947424888611,0.4599393606185913,0.7939280271530151,0.1903943419456482,0.1903943419456482,0.1903943419456482,-1.6586579084396362,-1.6586579084396362,0.7862975001335144,1.824363350868225,1.8889776468276978,0.7235630189582659,1.339667797088623,7.036279678344727,0.25390625,0.74609375,0.6662205457687378,3.4991612434387207,1.8724215030670166,9.834439277648926
2,sgd,0.5716804265975952,0.00787883996963501,0.4597328305244446,0.792317807674408,0.1903943419456482,0.1903943419456482,0.1903943419456482,-1.6586579084396362,-1.6586579084396362,0.7823935151100159,1.835216999053955,1.8800761699676514,0.7182413731125327,1.3390254974365234,7.032905578613281,0.25390625,0.74609375,0.6673858761787415,3.505281686782837,1.8705166578292847,9.824434280395508
