{
  "seed": 50,
  "alpha": 1.0,
  "branch": "fixed_variance",
  "finite_mean_fixed_point": true,
  "analytic_normalized_extrapolation_displacement": 1.0301326151320167,
  "analytic_reward": 0.9996046048538051,
  "analytic_sigma": NaN,
  "finite_variance_fixed_point": false,
  "reward": 0.5716804265975952,
  "normalized_extrapolation_displacement": 0.00787883996963501,
  "distance_to_a_plus": 0.4597328305244446,
  "distance_to_a_star": 0.792317807674408,
  "sigma_mean": 0.1903943419456482,
  "sigma_min": 0.1903943419456482,
  "sigma_max": 0.1903943419456482,
  "log_sigma_min": -1.6586579084396362,
  "log_sigma_max": -1.6586579084396362,
  "positive_gradient_norm": 0.7823935151100159,
  "negative_gradient_norm": 1.835216999053955,
  "total_gradient_norm": 1.8800761699676514,
  "normalized_field_residual": 0.7182413731125327,
  "negative_raw_distance_mean": 1.3390254974365234,
  "negative_standardized_distance_mean": 7.032905578613281,
  "dynamic_near_occupancy": 0.25390625,
  "dynamic_far_occupancy": 0.74609375,
  "local_negative_raw_distance": 0.6673858761787415,
  "local_negative_standardized_distance": 3.505281686782837,
  "farthest_negative_raw_distance": 1.8705166578292847,
  "farthest_negative_standardized_distance": 9.824434280395508,
  "stationary_audit_attempted": true,
  "stationary_audit_1_succeeded": false,
  "stationary_audit_2_succeeded": false,
  "stationary_audit_succeeded": false,
  "state_class": "finite_continuing_drift_or_runaway",
  "support_boundary_onset": null,
  "support_event_type": null,
  "stop_reason": "completed",
  "normalized_extrapolation_displacement_window_slope": NaN,
  "log_sigma_window_slope": NaN
}