{
  "seed": 50,
  "alpha": 0.38,
  "branch": "learnable_variance",
  "finite_mean_fixed_point": true,
  "analytic_normalized_extrapolation_displacement": 0.2066622694715239,
  "analytic_reward": 0.760231697917547,
  "analytic_sigma": 0.01041326464172593,
  "finite_variance_fixed_point": true,
  "reward": 0.5706686973571777,
  "normalized_extrapolation_displacement": 0.005432605743408203,
  "distance_to_a_plus": 0.4598895013332367,
  "distance_to_a_star": 0.793777346611023,
  "sigma_mean": 0.3805534541606903,
  "sigma_min": 0.35027065873146057,
  "sigma_max": 0.41024380922317505,
  "log_sigma_min": -1.0490491390228271,
  "log_sigma_max": -0.8910036683082581,
  "positive_gradient_norm": 0.23652954399585724,
  "negative_gradient_norm": 0.19817447662353516,
  "total_gradient_norm": 0.2906307876110077,
  "normalized_field_residual": 0.6685716575527204,
  "negative_raw_distance_mean": 1.3396062850952148,
  "negative_standardized_distance_mean": 3.544588088989258,
  "dynamic_near_occupancy": 0.82421875,
  "dynamic_far_occupancy": 0.17578125,
  "local_negative_raw_distance": 0.6663017868995667,
  "local_negative_standardized_distance": 1.756788730621338,
  "farthest_negative_raw_distance": 1.8722586631774902,
  "farthest_negative_standardized_distance": 4.959919452667236,
  "stationary_audit_attempted": true,
  "stationary_audit_1_succeeded": false,
  "stationary_audit_2_succeeded": false,
  "stationary_audit_succeeded": false,
  "state_class": "finite_continuing_drift_or_runaway",
  "support_boundary_onset": null,
  "support_event_type": null,
  "stop_reason": "completed",
  "normalized_extrapolation_displacement_window_slope": NaN,
  "log_sigma_window_slope": NaN
}