{
  "alpha_0p25__anchor_0p1__rho_0p25": {
    "all_negative": {
      "delta_values": [
        -0.0016734004020690918,
        -0.005777537822723389,
        -0.016137421131134033,
        -0.004278719425201416,
        -0.04550337791442871
      ],
      "delta_vs_positive_ci95": [
        -0.031385254859924314,
        -0.0035363554954528807
      ],
      "delta_vs_positive_mean": -0.014674091339111328,
      "hidden_mean": 0.00013965773141535464,
      "prototype_support_mean": 9.340819931030273,
      "rare_mass_mean": 0.0002908202615799382,
      "reward_mean": 0.5833582043647766,
      "support_boundary_events": 0,
      "terminal_plateaus": 5,
      "wins_vs_positive": 0
    },
    "exp_minus_global_matched": {
      "ci95": [
        0.0027819156646728517,
        0.011558079719543457
      ],
      "mean": 0.00593496561050415,
      "values": [
        0.002610504627227783,
        0.0035676956176757812,
        0.0037893056869506836,
        0.002560436725616455,
        0.01714688539505005
      ],
      "wins": 5
    },
    "exp_minus_reciprocal_linear_distance": {
      "ci95": [
        0.0025131821632385252,
        0.008767819404602051
      ],
      "mean": 0.004924416542053223,
      "values": [
        0.002772688865661621,
        0.00330430269241333,
        0.0042768120765686035,
        0.0018581151962280273,
        0.012410163879394531
      ],
      "wins": 5
    },
    "exp_minus_reciprocal_quadratic_distance": {
      "ci95": [
        0.0015628457069396973,
        0.005269622802734375
      ],
      "mean": 0.0029749274253845215,
      "values": [
        0.0017005205154418945,
        0.0021512508392333984,
        0.0024546384811401367,
        0.0011705756187438965,
        0.007397651672363281
      ],
      "wins": 5
    },
    "exponential_quadratic_distance": {
      "delta_values": [
        -0.002488374710083008,
        -0.0006185770034790039,
        -0.0027802586555480957,
        -0.0008476972579956055,
        -0.0007612109184265137
      ],
      "delta_vs_positive_ci95": [
        -0.002318072319030762,
        -0.0007214546203613281
      ],
      "delta_vs_positive_mean": -0.0014992237091064453,
      "hidden_mean": 0.009636369906365872,
      "prototype_support_mean": 11.63171443939209,
      "rare_mass_mean": 0.022390951588749885,
      "reward_mean": 0.5965330719947814,
      "support_boundary_events": 0,
      "terminal_plateaus": 5,
      "wins_vs_positive": 0
    },
    "global_matched": {
      "delta_values": [
        -0.005098879337310791,
        -0.004186272621154785,
        -0.006569564342498779,
        -0.0034081339836120605,
        -0.017908096313476562
      ],
      "delta_vs_positive_ci95": [
        -0.012740397453308105,
        -0.004057538509368896
      ],
      "delta_vs_positive_mean": -0.007434189319610596,
      "hidden_mean": 0.006644402584061027,
      "prototype_support_mean": 11.775976371765136,
      "rare_mass_mean": 0.01567004658281803,
      "reward_mean": 0.5905981063842773,
      "support_boundary_events": 0,
      "terminal_plateaus": 5,
      "wins_vs_positive": 0
    },
    "positive_only": {
      "delta_values": [
        0.0,
        0.0,
        0.0,
        0.0,
        0.0
      ],
      "delta_vs_positive_ci95": [
        0.0,
        0.0
      ],
      "delta_vs_positive_mean": 0.0,
      "hidden_mean": 0.011788502335548401,
      "prototype_support_mean": 12.634905815124512,
      "rare_mass_mean": 0.032724685966968536,
      "reward_mean": 0.5980322957038879,
      "support_boundary_events": 0,
      "terminal_plateaus": 5,
      "wins_vs_positive": 0
    },
    "reciprocal_linear_distance": {
      "delta_values": [
        -0.005261063575744629,
        -0.003922879695892334,
        -0.007057070732116699,
        -0.002705812454223633,
        -0.013171374797821045
      ],
      "delta_vs_positive_ci95": [
        -0.010007250308990478,
        -0.0037036895751953124
      ],
      "delta_vs_positive_mean": -0.006423640251159668,
      "hidden_mean": 0.006741742533631623,
      "prototype_support_mean": 11.543672370910645,
      "rare_mass_mean": 0.014922696724534034,
      "reward_mean": 0.5916086554527282,
      "support_boundary_events": 0,
      "terminal_plateaus": 5,
      "wins_vs_positive": 0
    },
    "reciprocal_quadratic_distance": {
      "delta_values": [
        -0.004188895225524902,
        -0.0027698278427124023,
        -0.005234897136688232,
        -0.002018272876739502,
        -0.008158862590789795
      ],
      "delta_vs_positive_ci95": [
        -0.006404483318328857,
        -0.002753019332885742
      ],
      "delta_vs_positive_mean": -0.004474151134490967,
      "hidden_mean": 0.007818900654092431,
      "prototype_support_mean": 11.547495079040527,
      "rare_mass_mean": 0.017632698640227318,
      "reward_mean": 0.5935581445693969,
      "support_boundary_events": 0,
      "terminal_plateaus": 5,
      "wins_vs_positive": 0
    }
  },
  "alpha_0p25__anchor_0p25__rho_0p25": {
    "all_negative": {
      "delta_values": [
        0.0010136961936950684,
        -0.003533601760864258,
        -0.013218224048614502,
        -0.00373154878616333,
        -0.022152423858642578
      ],
      "delta_vs_positive_ci95": [
        -0.0166418194770813,
        -0.0017542719841003418
      ],
      "delta_vs_positive_mean": -0.00832442045211792,
      "hidden_mean": 0.003778714721556753,
      "prototype_support_mean": 9.428677558898926,
      "rare_mass_mean": 0.006836502812802792,
      "reward_mean": 0.58970787525177,
      "support_boundary_events": 0,
      "terminal_plateaus": 5,
      "wins_vs_positive": 1
    },
    "exp_minus_global_matched": {
      "ci95": [
        0.0014907360076904298,
        0.00577164888381958
      ],
      "mean": 0.003094303607940674,
      "values": [
        0.0011031031608581543,
        0.0018138885498046875,
        0.0023592114448547363,
        0.0017851591110229492,
        0.008410155773162842
      ],
      "wins": 5
    },
    "exp_minus_reciprocal_linear_distance": {
      "ci95": [
        0.0011641740798950194,
        0.0037629365921020507
      ],
      "mean": 0.0022245407104492187,
      "values": [
        0.001391768455505371,
        0.0012874603271484375,
        0.002330780029296875,
        0.0009270906448364258,
        0.005185604095458984
      ],
      "wins": 5
    },
    "exp_minus_reciprocal_quadratic_distance": {
      "ci95": [
        0.0006659746170043946,
        0.002181518077850342
      ],
      "mean": 0.0012547612190246583,
      "values": [
        0.0007303953170776367,
        0.0006847381591796875,
        0.0012192130088806152,
        0.0006150007247924805,
        0.003024458885192871
      ],
      "wins": 5
    },
    "exponential_quadratic_distance": {
      "delta_values": [
        0.0004665851593017578,
        0.002001643180847168,
        0.0002498626708984375,
        0.0013267993927001953,
        0.002850055694580078
      ],
      "delta_vs_positive_ci95": [
        0.0005519390106201172,
        0.0022060394287109373
      ],
      "delta_vs_positive_mean": 0.0013789892196655273,
      "hidden_mean": 0.010923441126942634,
      "prototype_support_mean": 11.722749519348145,
      "rare_mass_mean": 0.027734801173210144,
      "reward_mean": 0.5994112849235534,
      "support_boundary_events": 0,
      "terminal_plateaus": 5,
      "wins_vs_positive": 5
    },
    "global_matched": {
      "delta_values": [
        -0.0006365180015563965,
        0.00018775463104248047,
        -0.002109348773956299,
        -0.0004583597183227539,
        -0.005560100078582764
      ],
      "delta_vs_positive_ci95": [
        -0.003720378875732422,
        -0.00023554563522338868
      ],
      "delta_vs_positive_mean": -0.0017153143882751465,
      "hidden_mean": 0.009598275832831859,
      "prototype_support_mean": 11.904989051818848,
      "rare_mass_mean": 0.024518803507089616,
      "reward_mean": 0.5963169813156128,