step,stage,reward,normalized_extrapolation_displacement,distance_to_a_plus,distance_to_a_star,sigma_mean,sigma_min,sigma_max,log_sigma_min,log_sigma_max,positive_gradient_norm,negative_gradient_norm,total_gradient_norm,normalized_field_residual,negative_raw_distance_mean,negative_standardized_distance_mean,dynamic_near_occupancy,dynamic_far_occupancy,local_negative_raw_distance,local_negative_standardized_distance,farthest_negative_raw_distance,farthest_negative_standardized_distance
0,initial,0.5705646872520447,0.005203947424888611,0.4599393606185913,0.7939280271530151,0.1903943419456482,0.1903943419456482,0.1903943419456482,-1.6586579084396362,-1.6586579084396362,0.7862975001335144,3.1926357746124268,3.18576717376709,0.8006586071664404,1.339667797088623,7.036279678344727,0.25390625,0.74609375,0.6662205457687378,3.4991612434387207,1.8724215030670166,9.834439277648926
3,sgd,0.5736067295074463,0.012778539210557938,0.4595828056335449,0.7895445227622986,0.1903943419456482,0.1903943419456482,0.1903943419456482,-1.6586579084396362,-1.6586579084396362,0.7777520418167114,3.2481448650360107,3.186185121536255,0.7914224321323443,1.3379093408584595,7.027043342590332,0.25390625,0.74609375,0.6696601510047913,3.5172266960144043,1.8670880794525146,9.806427001953125
