{
  "seed": 50,
  "alpha": 1.75,
  "branch": "fixed_variance",
  "finite_mean_fixed_point": false,
  "reward": 0.5736067295074463,
  "normalized_extrapolation_displacement": 0.012778539210557938,
  "distance_to_a_plus": 0.4595828056335449,
  "distance_to_a_star": 0.7895445227622986,
  "sigma_mean": 0.1903943419456482,
  "sigma_min": 0.1903943419456482,
  "sigma_max": 0.1903943419456482,
  "log_sigma_min": -1.6586579084396362,
  "log_sigma_max": -1.6586579084396362,
  "positive_gradient_norm": 0.7777520418167114,
  "negative_gradient_norm": 3.2481448650360107,
  "total_gradient_norm": 3.186185121536255,
  "normalized_field_residual": 0.7914224321323443,
  "negative_raw_distance_mean": 1.3379093408584595,
  "negative_standardized_distance_mean": 7.027043342590332,
  "dynamic_near_occupancy": 0.25390625,
  "dynamic_far_occupancy": 0.74609375,
  "local_negative_raw_distance": 0.6696601510047913,
  "local_negative_standardized_distance": 3.5172266960144043,
  "farthest_negative_raw_distance": 1.8670880794525146,
  "farthest_negative_standardized_distance": 9.806427001953125,
  "stationary_audit_attempted": false,
  "stationary_audit_1_succeeded": false,
  "stationary_audit_2_succeeded": false,
  "stationary_audit_succeeded": false,
  "state_class": "finite_continuing_drift_or_runaway",
  "support_boundary_onset": null,
  "support_event_type": null,
  "stop_reason": "completed",
  "normalized_extrapolation_displacement_window_slope": NaN,
  "log_sigma_window_slope": NaN
}