{
  "seed": 50,
  "reward": 0.5705646872520447,
  "normalized_extrapolation_displacement": 0.005203947424888611,
  "distance_to_a_plus": 0.4599393606185913,
  "distance_to_a_star": 0.7939280271530151,
  "sigma_mean": 0.38058221340179443,
  "sigma_min": 0.3502987027168274,
  "sigma_max": 0.4102715849876404,
  "log_sigma_min": -1.048969030380249,
  "log_sigma_max": -0.8909358978271484,
  "aggregate_phantom_negative_gradient_norm": 2.2996909618377686,
  "negative_raw_distance_mean": 1.339667797088623,
  "negative_standardized_distance_mean": 3.544480323791504,
  "near_standardized_distance": 1.7564442157745361,
  "far_standardized_distance": 4.959970474243164,
  "positive_gradient_norm": 0.23673281073570251,
  "negative_gradient_norm": 0.0,
  "total_gradient_norm": 0.23673281073570251,
  "normalized_field_residual": 0.9999999999957758,
  "initial_probe_phantom_gradient_norm": 0.5389951467514038,
  "probe_phantom_growth": 3.327065684461469,
  "final_stationary_audit_succeeded": true,
  "full_data_polish_steps": 1,
  "full_data_polish_max_steps": 1,
  "status": "finite_but_residual_above_strict_threshold"
}