{
  "seed": 30,
  "reward": 0.5681492686271667,
  "normalized_extrapolation_displacement": -0.061256423592567444,
  "distance_to_a_plus": 0.4029507040977478,
  "distance_to_a_star": 0.8017622828483582,
  "sigma_mean": 0.41766390204429626,
  "sigma_min": 0.3805580139160156,
  "sigma_max": 0.44519826769828796,
  "log_sigma_min": -0.9661166667938232,
  "log_sigma_max": -0.8092355728149414,
  "aggregate_phantom_negative_gradient_norm": 1.773438572883606,
  "negative_raw_distance_mean": 1.3770866394042969,
  "negative_standardized_distance_mean": 3.3189282417297363,
  "near_standardized_distance": 1.4320862293243408,
  "far_standardized_distance": 4.758400917053223,
  "positive_gradient_norm": 0.21219252049922943,
  "negative_gradient_norm": 0.0,
  "total_gradient_norm": 0.21219252049922943,
  "normalized_field_residual": 0.9999999999952873,
  "initial_probe_phantom_gradient_norm": 0.717227578163147,
  "probe_phantom_growth": 2.7436222906113303,
  "final_stationary_audit_succeeded": true,
  "full_data_polish_steps": 1,
  "full_data_polish_max_steps": 1,
  "status": "finite_but_residual_above_strict_threshold"
}