{
  "seed": 5,
  "reward": 0.6193351745605469,
  "normalized_extrapolation_displacement": 0.048283133655786514,
  "distance_to_a_plus": 0.38053104281425476,
  "distance_to_a_star": 0.725989043712616,
  "sigma_mean": 0.36759209632873535,
  "sigma_min": 0.32609042525291443,
  "sigma_max": 0.3982172906398773,
  "log_sigma_min": -1.1205805540084839,
  "log_sigma_max": -0.9207574725151062,
  "aggregate_phantom_negative_gradient_norm": 1.9846129417419434,
  "negative_raw_distance_mean": 1.3314303159713745,
  "negative_standardized_distance_mean": 3.621037006378174,
  "near_standardized_distance": 1.759963035583496,
  "far_standardized_distance": 5.099562644958496,
  "positive_gradient_norm": 0.1496870219707489,
  "negative_gradient_norm": 0.0,
  "total_gradient_norm": 0.1496870219707489,
  "normalized_field_residual": 0.9999999999933193,
  "initial_probe_phantom_gradient_norm": 0.5470080375671387,
  "probe_phantom_growth": 3.6643852334265046,
  "final_stationary_audit_succeeded": true,
  "full_data_polish_steps": 1,
  "full_data_polish_max_steps": 1,
  "status": "finite_but_residual_above_strict_threshold"
}