{
  "seed": 10,
  "reward": 0.5824936628341675,
  "normalized_extrapolation_displacement": -0.051906850188970566,
  "distance_to_a_plus": 0.39101916551589966,
  "distance_to_a_star": 0.7866147756576538,
  "sigma_mean": 0.3509032130241394,
  "sigma_min": 0.3053510785102844,
  "sigma_max": 0.37908613681793213,
  "log_sigma_min": -1.186293125152588,
  "log_sigma_max": -0.9699918031692505,
  "aggregate_phantom_negative_gradient_norm": 2.714646100997925,
  "negative_raw_distance_mean": 1.343459129333496,
  "negative_standardized_distance_mean": 3.8617992401123047,
  "near_standardized_distance": 1.7691668272018433,
  "far_standardized_distance": 5.494989395141602,
  "positive_gradient_norm": 0.25532427430152893,
  "negative_gradient_norm": 0.0,
  "total_gradient_norm": 0.25532427430152893,
  "normalized_field_residual": 0.9999999999960835,
  "initial_probe_phantom_gradient_norm": 0.5780539512634277,
  "probe_phantom_growth": 4.786086315960067,
  "final_stationary_audit_succeeded": true,
  "full_data_polish_steps": 1,
  "full_data_polish_max_steps": 1,
  "status": "finite_but_residual_above_strict_threshold"
}