{
  "seed": 10,
  "advantage_far_near_ratio": 1.0000001192092896,
  "output_score_far_near_ratio": 9.245396614074707,
  "full_parameter_single_sample_far_near_ratio": 9.440482139587402,
  "full_parameter_single_sample_far_near_median_ratio": 4.50679874420166,
  "aggregate_far_near_ratio": 8.84278392791748
}