alpha,method,n,reward_mean,hidden_probability_mean,positive_support_probability_mean,normalized_extrapolation_mean,entropy_mean,effective_support_p05_mean,concentration_mean,support_event_count,nan_inf_count,task_collapse_count,focused_terminal_plateau_count
0.0,positive_only,5,0.8674160957336425,0.15165030360221862,0.6543471693992615,-0.18580601811408998,2.011869287490845,5.474353790283203,10.152347183227539,0,0,0,5
0.005,local_only,5,0.8683651685714722,0.1532937228679657,0.6552546620368958,-0.1772477924823761,2.003931927680969,5.422257328033448,10.224292373657226,0,0,0,5
0.01,local_only,5,0.8693226099014282,0.1549737572669983,0.6561467170715332,-0.16858532428741455,1.9957651615142822,5.37155933380127,10.299210929870606,0,0,0,5
0.02,local_only,5,0.8712615966796875,0.1584414154291153,0.657876992225647,-0.1509930521249771,1.9787400245666504,5.246490097045898,10.457107162475586,0,0,0,5
0.05,local_only,5,0.877257513999939,0.1699034333229065,0.6627036571502686,-0.09605936855077743,1.9204506397247314,4.8320869445800785,11.024244689941407,0,0,0,5
0.1,local_only,5,0.8881093621253967,0.19376502931118011,0.6695696353912354,0.005931459274142981,1.7866011142730713,4.063416576385498,12.560330963134765,0,0,0,5
0.2,local_only,5,0.913057267665863,0.27958386540412905,0.6564801216125489,0.25840435922145844,1.174343729019165,1.5785271167755126,27.78124084472656,3,0,0,1
