alpha,method,n,reward_mean,hidden_probability_mean,positive_support_probability_mean,normalized_extrapolation_mean,entropy_mean,effective_support_p05_mean,concentration_mean,support_event_count,nan_inf_count,task_collapse_count,focused_terminal_plateau_count
0.0,positive_only,5,0.8566656470298767,0.14225898683071136,0.5949613571166992,-0.18037371337413788,2.2493377208709715,6.828860569000244,8.0,0,0,0,5
0.25,local_only,5,0.8815025925636292,0.19278203845024108,0.5263657808303833,0.35607409477233887,2.2336169242858888,6.8378547668457035,8.0,0,0,0,5
0.5,local_only,5,0.8806196451187134,0.19717957377433776,0.357295298576355,0.9916653394699096,2.281157875061035,7.03883056640625,8.0,0,0,0,5
0.75,local_only,5,0.8401557922363281,0.13106368184089662,0.16493670344352723,1.5694567680358886,2.3102901935577393,7.198247718811035,8.0,0,0,0,5
