{
  "seed": 30,
  "method": "global_scale",
  "branch": "learnable_variance",
  "reward": 0.5681966543197632,
  "normalized_extrapolation_displacement": -0.06121263653039932,
  "distance_to_a_plus": 0.402885377407074,
  "distance_to_a_star": 0.8016968965530396,
  "sigma_mean": 0.4174197316169739,
  "sigma_min": 0.38025879859924316,
  "sigma_max": 0.44498977065086365,
  "log_sigma_min": -0.9669032096862793,
  "log_sigma_max": -0.8097040057182312,
  "task_failure_threshold": 0.25566717088222507,
  "task_failure_onset": null,
  "support_boundary_onset": null,
  "support_event_type": null,
  "stop_reason": "max_steps",
  "finite_parameters": true,
  "steps_completed": 3
}