{
  "seed": 30,
  "method": "far_to_near",
  "branch": "fixed_variance",
  "reward": 0.5688811540603638,
  "normalized_extrapolation_displacement": -0.05982596427202225,
  "distance_to_a_plus": 0.4027506709098816,
  "distance_to_a_star": 0.8007097244262695,
  "sigma_mean": 0.1903943419456482,
  "sigma_min": 0.1903943419456482,
  "sigma_max": 0.1903943419456482,
  "log_sigma_min": -1.6586579084396362,
  "log_sigma_max": -1.6586579084396362,
  "task_failure_threshold": 0.25566717088222507,
  "task_failure_onset": null,
  "support_boundary_onset": null,
  "support_event_type": null,
  "stop_reason": "max_steps",
  "finite_parameters": true,
  "steps_completed": 3
}