{
  "experiment_id": "C-U1-E4-TAPER-BUDGET-MATCH-01",
  "reference_method": "reciprocal_linear",
  "primary_budget_coordinate": "stepwise_raw_negative_gradient_l2_before_Adam",
  "comparisons": {
    "reciprocal_quadratic": {
      "reward_delta_mean": 0.016011109948158263,
      "reward_delta_ci95": [
        0.01545459695160389,
        0.016530407518148424
      ],
      "reward_positive_seeds": 20,
      "far_harmful_retention_delta_mean": -0.012527904413906093,
      "far_harmful_retention_delta_ci95": [
        -0.012817586439855543,
        -0.012221175374886659
      ],
      "far_harmful_lower_seeds": 20
    },
    "exponential": {
      "reward_delta_mean": 0.08818890154361725,
      "reward_delta_ci95": [
        0.08711554124951362,
        0.08919027149677276
      ],
      "reward_positive_seeds": 20,
      "far_harmful_retention_delta_mean": -0.053565991860345295,
      "far_harmful_retention_delta_ci95": [
        -0.05368689713678484,
        -0.053454848055102505
      ],
      "far_harmful_lower_seeds": 20
    },
    "squared_distance_exponential": {
      "reward_delta_mean": 0.13061619997024537,
      "reward_delta_ci95": [
        0.12935527734458446,
        0.13187913089990616
      ],
      "reward_positive_seeds": 20,
      "far_harmful_retention_delta_mean": -0.055866068890362594,
      "far_harmful_retention_delta_ci95": [
        -0.05594374144645396,
        -0.05578825619750236
      ],
      "far_harmful_lower_seeds": 20
    },
    "global_stepwise_scale": {
      "reward_delta_mean": -0.006882542371749878,
      "reward_delta_ci95": [
        -0.007727598771452904,
        -0.006103205010294914
      ],
      "reward_positive_seeds": 0,
      "far_harmful_retention_delta_mean": 0.0076588106648223615,
      "far_harmful_retention_delta_ci95": [
        0.006599448711417388,
        0.008729056095487152
      ],
      "far_harmful_lower_seeds": 0
    }
  }
}